Model,Language,Intent_Class,Precision,Recall,F1_Score,Support
Logistic Regression,english,Refund_not_showing_up,94.87,92.5,93.67,40
Logistic Regression,english,activate_my_card,100.0,92.5,96.1,40
Logistic Regression,english,age_limit,97.56,100.0,98.77,40
Logistic Regression,english,apple_pay_or_google_pay,100.0,100.0,100.0,40
Logistic Regression,english,atm_support,94.87,94.87,94.87,39
Logistic Regression,english,automatic_top_up,100.0,95.0,97.44,40
Logistic Regression,english,balance_not_updated_after_bank_transfer,74.42,80.0,77.11,40
Logistic Regression,english,balance_not_updated_after_cheque_or_cash_deposit,88.37,95.0,91.57,40
Logistic Regression,english,beneficiary_not_allowed,100.0,90.0,94.74,40
Logistic Regression,english,cancel_transfer,97.37,92.5,94.87,40
Logistic Regression,english,card_about_to_expire,97.56,100.0,98.77,40
Logistic Regression,english,card_acceptance,90.0,90.0,90.0,40
Logistic Regression,english,card_arrival,85.37,87.5,86.42,40
Logistic Regression,english,card_delivery_estimate,90.24,92.5,91.36,40
Logistic Regression,english,card_linking,95.12,97.5,96.3,40
Logistic Regression,english,card_not_working,74.0,92.5,82.22,40
Logistic Regression,english,card_payment_fee_charged,92.11,87.5,89.74,40
Logistic Regression,english,card_payment_not_recognised,84.21,80.0,82.05,40
Logistic Regression,english,card_payment_wrong_exchange_rate,95.0,95.0,95.0,40
Logistic Regression,english,card_swallowed,94.87,92.5,93.67,40
Logistic Regression,english,cash_withdrawal_charge,95.0,95.0,95.0,40
Logistic Regression,english,cash_withdrawal_not_recognised,84.44,95.0,89.41,40
Logistic Regression,english,change_pin,100.0,92.5,96.1,40
Logistic Regression,english,compromised_card,84.09,92.5,88.1,40
Logistic Regression,english,contactless_not_working,100.0,90.0,94.74,40
Logistic Regression,english,country_support,90.7,97.5,93.98,40
Logistic Regression,english,declined_card_payment,85.11,100.0,91.95,40
Logistic Regression,english,declined_cash_withdrawal,88.37,95.0,91.57,40
Logistic Regression,english,declined_transfer,100.0,82.5,90.41,40
Logistic Regression,english,direct_debit_payment_not_recognised,93.94,77.5,84.93,40
Logistic Regression,english,disposable_card_limits,87.18,85.0,86.08,40
Logistic Regression,english,edit_personal_details,97.56,100.0,98.77,40
Logistic Regression,english,exchange_charge,85.37,87.5,86.42,40
Logistic Regression,english,exchange_rate,90.7,97.5,93.98,40
Logistic Regression,english,exchange_via_app,83.72,90.0,86.75,40
Logistic Regression,english,extra_charge_on_statement,92.11,87.5,89.74,40
Logistic Regression,english,failed_transfer,74.0,92.5,82.22,40
Logistic Regression,english,fiat_currency_support,93.94,77.5,84.93,40
Logistic Regression,english,get_disposable_virtual_card,86.11,77.5,81.58,40
Logistic Regression,english,get_physical_card,86.67,97.5,91.76,40
Logistic Regression,english,getting_spare_card,92.5,92.5,92.5,40
Logistic Regression,english,getting_virtual_card,79.17,95.0,86.36,40
Logistic Regression,english,lost_or_stolen_card,88.37,95.0,91.57,40
Logistic Regression,english,lost_or_stolen_phone,100.0,97.5,98.73,40
Logistic Regression,english,order_physical_card,89.47,85.0,87.18,40
Logistic Regression,english,passcode_forgotten,100.0,100.0,100.0,40
Logistic Regression,english,pending_card_payment,86.05,92.5,89.16,40
Logistic Regression,english,pending_cash_withdrawal,100.0,90.0,94.74,40
Logistic Regression,english,pending_top_up,92.11,87.5,89.74,40
Logistic Regression,english,pending_transfer,90.32,70.0,78.87,40
Logistic Regression,english,pin_blocked,94.44,85.0,89.47,40
Logistic Regression,english,receiving_money,94.59,87.5,90.91,40
Logistic Regression,english,request_refund,92.5,92.5,92.5,40
Logistic Regression,english,reverted_card_payment?,82.22,92.5,87.06,40
Logistic Regression,english,supported_cards_and_currencies,88.37,95.0,91.57,40
Logistic Regression,english,terminate_account,88.89,100.0,94.12,40
Logistic Regression,english,top_up_by_bank_transfer_charge,89.19,82.5,85.71,40
Logistic Regression,english,top_up_by_card_charge,92.86,97.5,95.12,40
Logistic Regression,english,top_up_by_cash_or_cheque,94.59,87.5,90.91,40
Logistic Regression,english,top_up_failed,80.0,80.0,80.0,40
Logistic Regression,english,top_up_limits,90.48,95.0,92.68,40
Logistic Regression,english,top_up_reverted,87.18,85.0,86.08,40
Logistic Regression,english,topping_up_by_card,91.89,85.0,88.31,40
Logistic Regression,english,transaction_charged_twice,90.91,100.0,95.24,40
Logistic Regression,english,transfer_fee_charged,94.87,92.5,93.67,40
Logistic Regression,english,transfer_into_account,85.37,87.5,86.42,40
Logistic Regression,english,transfer_not_received_by_recipient,85.37,87.5,86.42,40
Logistic Regression,english,transfer_timing,86.05,92.5,89.16,40
Logistic Regression,english,unable_to_verify_identity,86.84,82.5,84.62,40
Logistic Regression,english,verify_my_identity,76.74,82.5,79.52,40
Logistic Regression,english,verify_source_of_funds,93.02,100.0,96.39,40
Logistic Regression,english,verify_top_up,97.56,100.0,98.77,40
Logistic Regression,english,virtual_card_not_working,96.88,77.5,86.11,40
Logistic Regression,english,visa_or_mastercard,100.0,92.5,96.1,40
Logistic Regression,english,why_verify_identity,83.78,77.5,80.52,40
Logistic Regression,english,wrong_amount_of_cash_received,97.3,90.0,93.51,40
Logistic Regression,english,wrong_exchange_rate_for_cash_withdrawal,91.18,77.5,83.78,40
Logistic Regression,sinhala,Refund_not_showing_up,88.1,92.5,90.24,40
Logistic Regression,sinhala,activate_my_card,94.74,90.0,92.31,40
Logistic Regression,sinhala,age_limit,97.5,97.5,97.5,40
Logistic Regression,sinhala,apple_pay_or_google_pay,100.0,100.0,100.0,40
Logistic Regression,sinhala,atm_support,85.37,89.74,87.5,39
Logistic Regression,sinhala,automatic_top_up,100.0,92.5,96.1,40
Logistic Regression,sinhala,balance_not_updated_after_bank_transfer,76.92,75.0,75.95,40
Logistic Regression,sinhala,balance_not_updated_after_cheque_or_cash_deposit,90.7,97.5,93.98,40
Logistic Regression,sinhala,beneficiary_not_allowed,97.14,85.0,90.67,40
Logistic Regression,sinhala,cancel_transfer,97.5,97.5,97.5,40
Logistic Regression,sinhala,card_about_to_expire,100.0,92.5,96.1,40
Logistic Regression,sinhala,card_acceptance,81.25,97.5,88.64,40
Logistic Regression,sinhala,card_arrival,69.39,85.0,76.4,40
Logistic Regression,sinhala,card_delivery_estimate,75.0,67.5,71.05,40
Logistic Regression,sinhala,card_linking,86.05,92.5,89.16,40
Logistic Regression,sinhala,card_not_working,85.37,87.5,86.42,40
Logistic Regression,sinhala,card_payment_fee_charged,68.89,77.5,72.94,40
Logistic Regression,sinhala,card_payment_not_recognised,72.92,87.5,79.55,40
Logistic Regression,sinhala,card_payment_wrong_exchange_rate,86.36,95.0,90.48,40
Logistic Regression,sinhala,card_swallowed,92.31,90.0,91.14,40
Logistic Regression,sinhala,cash_withdrawal_charge,94.44,85.0,89.47,40
Logistic Regression,sinhala,cash_withdrawal_not_recognised,80.95,85.0,82.93,40
Logistic Regression,sinhala,change_pin,96.15,62.5,75.76,40
Logistic Regression,sinhala,compromised_card,80.49,82.5,81.48,40
Logistic Regression,sinhala,contactless_not_working,97.37,92.5,94.87,40
Logistic Regression,sinhala,country_support,83.33,100.0,90.91,40
Logistic Regression,sinhala,declined_card_payment,80.0,90.0,84.71,40
Logistic Regression,sinhala,declined_cash_withdrawal,75.0,90.0,81.82,40
Logistic Regression,sinhala,declined_transfer,100.0,82.5,90.41,40
Logistic Regression,sinhala,direct_debit_payment_not_recognised,94.12,80.0,86.49,40
Logistic Regression,sinhala,disposable_card_limits,48.65,90.0,63.16,40
Logistic Regression,sinhala,edit_personal_details,92.5,92.5,92.5,40
Logistic Regression,sinhala,exchange_charge,87.8,90.0,88.89,40
Logistic Regression,sinhala,exchange_rate,70.18,100.0,82.47,40
Logistic Regression,sinhala,exchange_via_app,84.62,27.5,41.51,40
Logistic Regression,sinhala,extra_charge_on_statement,87.1,67.5,76.06,40
Logistic Regression,sinhala,failed_transfer,73.08,95.0,82.61,40
Logistic Regression,sinhala,fiat_currency_support,80.95,85.0,82.93,40
Logistic Regression,sinhala,get_disposable_virtual_card,80.0,10.0,17.78,40
Logistic Regression,sinhala,get_physical_card,67.86,95.0,79.17,40
Logistic Regression,sinhala,getting_spare_card,75.0,52.5,61.76,40
Logistic Regression,sinhala,getting_virtual_card,50.65,97.5,66.67,40
Logistic Regression,sinhala,lost_or_stolen_card,73.91,85.0,79.07,40
Logistic Regression,sinhala,lost_or_stolen_phone,100.0,90.0,94.74,40
Logistic Regression,sinhala,order_physical_card,92.0,57.5,70.77,40
Logistic Regression,sinhala,passcode_forgotten,100.0,100.0,100.0,40
Logistic Regression,sinhala,pending_card_payment,97.14,85.0,90.67,40
Logistic Regression,sinhala,pending_cash_withdrawal,97.37,92.5,94.87,40
Logistic Regression,sinhala,pending_top_up,78.72,92.5,85.06,40
Logistic Regression,sinhala,pending_transfer,72.09,77.5,74.7,40
Logistic Regression,sinhala,pin_blocked,89.19,82.5,85.71,40
Logistic Regression,sinhala,receiving_money,94.44,85.0,89.47,40
Logistic Regression,sinhala,request_refund,91.89,85.0,88.31,40
Logistic Regression,sinhala,reverted_card_payment?,89.19,82.5,85.71,40
Logistic Regression,sinhala,supported_cards_and_currencies,83.33,87.5,85.37,40
Logistic Regression,sinhala,terminate_account,81.63,100.0,89.89,40
Logistic Regression,sinhala,top_up_by_bank_transfer_charge,72.34,85.0,78.16,40
Logistic Regression,sinhala,top_up_by_card_charge,91.18,77.5,83.78,40
Logistic Regression,sinhala,top_up_by_cash_or_cheque,91.67,82.5,86.84,40
Logistic Regression,sinhala,top_up_failed,82.35,70.0,75.68,40
Logistic Regression,sinhala,top_up_limits,92.68,95.0,93.83,40
Logistic Regression,sinhala,top_up_reverted,78.05,80.0,79.01,40
Logistic Regression,sinhala,topping_up_by_card,71.11,80.0,75.29,40
Logistic Regression,sinhala,transaction_charged_twice,86.96,100.0,93.02,40
Logistic Regression,sinhala,transfer_fee_charged,88.24,75.0,81.08,40
Logistic Regression,sinhala,transfer_into_account,88.89,80.0,84.21,40
Logistic Regression,sinhala,transfer_not_received_by_recipient,77.5,77.5,77.5,40
Logistic Regression,sinhala,transfer_timing,82.5,82.5,82.5,40
Logistic Regression,sinhala,unable_to_verify_identity,86.49,80.0,83.12,40
Logistic Regression,sinhala,verify_my_identity,64.44,72.5,68.24,40
Logistic Regression,sinhala,verify_source_of_funds,90.91,100.0,95.24,40
Logistic Regression,sinhala,verify_top_up,100.0,100.0,100.0,40
Logistic Regression,sinhala,virtual_card_not_working,100.0,30.0,46.15,40
Logistic Regression,sinhala,visa_or_mastercard,85.71,90.0,87.8,40
Logistic Regression,sinhala,why_verify_identity,86.49,80.0,83.12,40
Logistic Regression,sinhala,wrong_amount_of_cash_received,94.12,80.0,86.49,40
Logistic Regression,sinhala,wrong_exchange_rate_for_cash_withdrawal,91.18,77.5,83.78,40
Logistic Regression,singlish,Refund_not_showing_up,88.37,95.0,91.57,40
Logistic Regression,singlish,activate_my_card,97.3,90.0,93.51,40
Logistic Regression,singlish,age_limit,97.56,100.0,98.77,40
Logistic Regression,singlish,apple_pay_or_google_pay,100.0,100.0,100.0,40
Logistic Regression,singlish,atm_support,94.44,87.18,90.67,39
Logistic Regression,singlish,automatic_top_up,100.0,90.0,94.74,40
Logistic Regression,singlish,balance_not_updated_after_bank_transfer,81.08,75.0,77.92,40
Logistic Regression,singlish,balance_not_updated_after_cheque_or_cash_deposit,88.64,97.5,92.86,40
Logistic Regression,singlish,beneficiary_not_allowed,97.14,85.0,90.67,40
Logistic Regression,singlish,cancel_transfer,95.0,95.0,95.0,40
Logistic Regression,singlish,card_about_to_expire,100.0,95.0,97.44,40
Logistic Regression,singlish,card_acceptance,84.44,95.0,89.41,40
Logistic Regression,singlish,card_arrival,87.5,87.5,87.5,40
Logistic Regression,singlish,card_delivery_estimate,76.74,82.5,79.52,40
Logistic Regression,singlish,card_linking,92.5,92.5,92.5,40
Logistic Regression,singlish,card_not_working,83.33,87.5,85.37,40
Logistic Regression,singlish,card_payment_fee_charged,72.0,90.0,80.0,40
Logistic Regression,singlish,card_payment_not_recognised,77.78,87.5,82.35,40
Logistic Regression,singlish,card_payment_wrong_exchange_rate,69.81,92.5,79.57,40
Logistic Regression,singlish,card_swallowed,94.87,92.5,93.67,40
Logistic Regression,singlish,cash_withdrawal_charge,97.22,87.5,92.11,40
Logistic Regression,singlish,cash_withdrawal_not_recognised,82.05,80.0,81.01,40
Logistic Regression,singlish,change_pin,90.91,50.0,64.52,40
Logistic Regression,singlish,compromised_card,79.55,87.5,83.33,40
Logistic Regression,singlish,contactless_not_working,100.0,95.0,97.44,40
Logistic Regression,singlish,country_support,88.64,97.5,92.86,40
Logistic Regression,singlish,declined_card_payment,81.25,97.5,88.64,40
Logistic Regression,singlish,declined_cash_withdrawal,72.22,97.5,82.98,40
Logistic Regression,singlish,declined_transfer,100.0,75.0,85.71,40
Logistic Regression,singlish,direct_debit_payment_not_recognised,100.0,82.5,90.41,40
Logistic Regression,singlish,disposable_card_limits,78.26,90.0,83.72,40
Logistic Regression,singlish,edit_personal_details,92.68,95.0,93.83,40
Logistic Regression,singlish,exchange_charge,92.31,90.0,91.14,40
Logistic Regression,singlish,exchange_rate,75.0,97.5,84.78,40
Logistic Regression,singlish,exchange_via_app,86.96,50.0,63.49,40
Logistic Regression,singlish,extra_charge_on_statement,96.77,75.0,84.51,40
Logistic Regression,singlish,failed_transfer,77.08,92.5,84.09,40
Logistic Regression,singlish,fiat_currency_support,77.78,87.5,82.35,40
Logistic Regression,singlish,get_disposable_virtual_card,93.33,70.0,80.0,40
Logistic Regression,singlish,get_physical_card,63.93,97.5,77.23,40
Logistic Regression,singlish,getting_spare_card,72.73,60.0,65.75,40
Logistic Regression,singlish,getting_virtual_card,79.17,95.0,86.36,40
Logistic Regression,singlish,lost_or_stolen_card,76.09,87.5,81.4,40
Logistic Regression,singlish,lost_or_stolen_phone,100.0,90.0,94.74,40
Logistic Regression,singlish,order_physical_card,83.78,77.5,80.52,40
Logistic Regression,singlish,passcode_forgotten,100.0,100.0,100.0,40
Logistic Regression,singlish,pending_card_payment,97.14,85.0,90.67,40
Logistic Regression,singlish,pending_cash_withdrawal,100.0,90.0,94.74,40
Logistic Regression,singlish,pending_top_up,75.0,90.0,81.82,40
Logistic Regression,singlish,pending_transfer,77.5,77.5,77.5,40
Logistic Regression,singlish,pin_blocked,89.47,85.0,87.18,40
Logistic Regression,singlish,receiving_money,94.74,90.0,92.31,40
Logistic Regression,singlish,request_refund,94.44,85.0,89.47,40
Logistic Regression,singlish,reverted_card_payment?,89.19,82.5,85.71,40
Logistic Regression,singlish,supported_cards_and_currencies,87.5,87.5,87.5,40
Logistic Regression,singlish,terminate_account,81.25,97.5,88.64,40
Logistic Regression,singlish,top_up_by_bank_transfer_charge,72.92,87.5,79.55,40
Logistic Regression,singlish,top_up_by_card_charge,91.89,85.0,88.31,40
Logistic Regression,singlish,top_up_by_cash_or_cheque,94.12,80.0,86.49,40
Logistic Regression,singlish,top_up_failed,81.82,67.5,73.97,40
Logistic Regression,singlish,top_up_limits,92.68,95.0,93.83,40
Logistic Regression,singlish,top_up_reverted,77.27,85.0,80.95,40
Logistic Regression,singlish,topping_up_by_card,73.81,77.5,75.61,40
Logistic Regression,singlish,transaction_charged_twice,88.89,100.0,94.12,40
Logistic Regression,singlish,transfer_fee_charged,88.24,75.0,81.08,40
Logistic Regression,singlish,transfer_into_account,88.57,77.5,82.67,40
Logistic Regression,singlish,transfer_not_received_by_recipient,80.56,72.5,76.32,40
Logistic Regression,singlish,transfer_timing,80.95,85.0,82.93,40
Logistic Regression,singlish,unable_to_verify_identity,87.8,90.0,88.89,40
Logistic Regression,singlish,verify_my_identity,68.63,87.5,76.92,40
Logistic Regression,singlish,verify_source_of_funds,88.89,100.0,94.12,40
Logistic Regression,singlish,verify_top_up,100.0,100.0,100.0,40
Logistic Regression,singlish,virtual_card_not_working,100.0,90.0,94.74,40
Logistic Regression,singlish,visa_or_mastercard,92.5,92.5,92.5,40
Logistic Regression,singlish,why_verify_identity,93.1,67.5,78.26,40
Logistic Regression,singlish,wrong_amount_of_cash_received,78.05,80.0,79.01,40
Logistic Regression,singlish,wrong_exchange_rate_for_cash_withdrawal,95.24,50.0,65.57,40
Logistic Regression,tamil,Refund_not_showing_up,100.0,10.0,18.18,40
Logistic Regression,tamil,activate_my_card,95.0,95.0,95.0,40
Logistic Regression,tamil,age_limit,97.56,100.0,98.77,40
Logistic Regression,tamil,apple_pay_or_google_pay,100.0,100.0,100.0,40
Logistic Regression,tamil,atm_support,97.22,89.74,93.33,39
Logistic Regression,tamil,automatic_top_up,100.0,90.0,94.74,40
Logistic Regression,tamil,balance_not_updated_after_bank_transfer,68.57,60.0,64.0,40
Logistic Regression,tamil,balance_not_updated_after_cheque_or_cash_deposit,97.22,87.5,92.11,40
Logistic Regression,tamil,beneficiary_not_allowed,91.89,85.0,88.31,40
Logistic Regression,tamil,cancel_transfer,80.43,92.5,86.05,40
Logistic Regression,tamil,card_about_to_expire,95.0,95.0,95.0,40
Logistic Regression,tamil,card_acceptance,87.18,85.0,86.08,40
Logistic Regression,tamil,card_arrival,87.8,90.0,88.89,40
Logistic Regression,tamil,card_delivery_estimate,83.72,90.0,86.75,40
Logistic Regression,tamil,card_linking,97.44,95.0,96.2,40
Logistic Regression,tamil,card_not_working,74.0,92.5,82.22,40
Logistic Regression,tamil,card_payment_fee_charged,63.27,77.5,69.66,40
Logistic Regression,tamil,card_payment_not_recognised,70.45,77.5,73.81,40
Logistic Regression,tamil,card_payment_wrong_exchange_rate,90.48,95.0,92.68,40
Logistic Regression,tamil,card_swallowed,100.0,82.5,90.41,40
Logistic Regression,tamil,cash_withdrawal_charge,82.05,80.0,81.01,40
Logistic Regression,tamil,cash_withdrawal_not_recognised,78.38,72.5,75.32,40
Logistic Regression,tamil,change_pin,87.5,87.5,87.5,40
Logistic Regression,tamil,compromised_card,84.62,82.5,83.54,40
Logistic Regression,tamil,contactless_not_working,100.0,90.0,94.74,40
Logistic Regression,tamil,country_support,92.68,95.0,93.83,40
Logistic Regression,tamil,declined_card_payment,80.0,90.0,84.71,40
Logistic Regression,tamil,declined_cash_withdrawal,76.47,97.5,85.71,40
Logistic Regression,tamil,declined_transfer,85.0,85.0,85.0,40
Logistic Regression,tamil,direct_debit_payment_not_recognised,93.75,75.0,83.33,40
Logistic Regression,tamil,disposable_card_limits,92.68,95.0,93.83,40
Logistic Regression,tamil,edit_personal_details,93.02,100.0,96.39,40
Logistic Regression,tamil,exchange_charge,90.0,90.0,90.0,40
Logistic Regression,tamil,exchange_rate,92.68,95.0,93.83,40
Logistic Regression,tamil,exchange_via_app,78.05,80.0,79.01,40
Logistic Regression,tamil,extra_charge_on_statement,85.71,75.0,80.0,40
Logistic Regression,tamil,failed_transfer,68.42,65.0,66.67,40
Logistic Regression,tamil,fiat_currency_support,93.75,75.0,83.33,40
Logistic Regression,tamil,get_disposable_virtual_card,58.46,95.0,72.38,40
Logistic Regression,tamil,get_physical_card,83.33,100.0,90.91,40
Logistic Regression,tamil,getting_spare_card,84.44,95.0,89.41,40
Logistic Regression,tamil,getting_virtual_card,87.88,72.5,79.45,40
Logistic Regression,tamil,lost_or_stolen_card,84.44,95.0,89.41,40
Logistic Regression,tamil,lost_or_stolen_phone,95.0,95.0,95.0,40
Logistic Regression,tamil,order_physical_card,73.33,82.5,77.65,40
Logistic Regression,tamil,passcode_forgotten,100.0,100.0,100.0,40
Logistic Regression,tamil,pending_card_payment,84.62,82.5,83.54,40
Logistic Regression,tamil,pending_cash_withdrawal,91.89,85.0,88.31,40
Logistic Regression,tamil,pending_top_up,96.88,77.5,86.11,40
Logistic Regression,tamil,pending_transfer,69.57,80.0,74.42,40
Logistic Regression,tamil,pin_blocked,90.62,72.5,80.56,40
Logistic Regression,tamil,receiving_money,92.86,97.5,95.12,40
Logistic Regression,tamil,request_refund,61.29,95.0,74.51,40
Logistic Regression,tamil,reverted_card_payment?,62.96,85.0,72.34,40
Logistic Regression,tamil,supported_cards_and_currencies,90.48,95.0,92.68,40
Logistic Regression,tamil,terminate_account,90.7,97.5,93.98,40
Logistic Regression,tamil,top_up_by_bank_transfer_charge,94.59,87.5,90.91,40
Logistic Regression,tamil,top_up_by_card_charge,90.7,97.5,93.98,40
Logistic Regression,tamil,top_up_by_cash_or_cheque,83.78,77.5,80.52,40
Logistic Regression,tamil,top_up_failed,75.68,70.0,72.73,40
Logistic Regression,tamil,top_up_limits,100.0,100.0,100.0,40
Logistic Regression,tamil,top_up_reverted,69.81,92.5,79.57,40
Logistic Regression,tamil,topping_up_by_card,90.91,75.0,82.19,40
Logistic Regression,tamil,transaction_charged_twice,92.5,92.5,92.5,40
Logistic Regression,tamil,transfer_fee_charged,80.0,90.0,84.71,40
Logistic Regression,tamil,transfer_into_account,87.5,87.5,87.5,40
Logistic Regression,tamil,transfer_not_received_by_recipient,77.08,92.5,84.09,40
Logistic Regression,tamil,transfer_timing,82.05,80.0,81.01,40
Logistic Regression,tamil,unable_to_verify_identity,80.0,90.0,84.71,40
Logistic Regression,tamil,verify_my_identity,80.95,85.0,82.93,40
Logistic Regression,tamil,verify_source_of_funds,78.26,90.0,83.72,40
Logistic Regression,tamil,verify_top_up,96.88,77.5,86.11,40
Logistic Regression,tamil,virtual_card_not_working,100.0,2.5,4.88,40
Logistic Regression,tamil,visa_or_mastercard,96.77,75.0,84.51,40
Logistic Regression,tamil,why_verify_identity,76.09,87.5,81.4,40
Logistic Regression,tamil,wrong_amount_of_cash_received,97.22,87.5,92.11,40
Logistic Regression,tamil,wrong_exchange_rate_for_cash_withdrawal,94.44,85.0,89.47,40
Logistic Regression,tamilish,Refund_not_showing_up,78.95,37.5,50.85,40
Logistic Regression,tamilish,activate_my_card,100.0,67.5,80.6,40
Logistic Regression,tamilish,age_limit,71.7,95.0,81.72,40
Logistic Regression,tamilish,apple_pay_or_google_pay,100.0,97.5,98.73,40
Logistic Regression,tamilish,atm_support,47.3,89.74,61.95,39
Logistic Regression,tamilish,automatic_top_up,100.0,72.5,84.06,40
Logistic Regression,tamilish,balance_not_updated_after_bank_transfer,77.78,70.0,73.68,40
Logistic Regression,tamilish,balance_not_updated_after_cheque_or_cash_deposit,76.0,47.5,58.46,40
Logistic Regression,tamilish,beneficiary_not_allowed,91.3,52.5,66.67,40
Logistic Regression,tamilish,cancel_transfer,28.57,95.0,43.93,40
Logistic Regression,tamilish,card_about_to_expire,73.08,47.5,57.58,40
Logistic Regression,tamilish,card_acceptance,31.25,87.5,46.05,40
Logistic Regression,tamilish,card_arrival,53.45,77.5,63.27,40
Logistic Regression,tamilish,card_delivery_estimate,67.57,62.5,64.94,40
Logistic Regression,tamilish,card_linking,93.33,70.0,80.0,40
Logistic Regression,tamilish,card_not_working,68.29,70.0,69.14,40
Logistic Regression,tamilish,card_payment_fee_charged,52.83,70.0,60.22,40
Logistic Regression,tamilish,card_payment_not_recognised,43.1,62.5,51.02,40
Logistic Regression,tamilish,card_payment_wrong_exchange_rate,38.82,82.5,52.8,40
Logistic Regression,tamilish,card_swallowed,97.22,87.5,92.11,40
Logistic Regression,tamilish,cash_withdrawal_charge,53.97,85.0,66.02,40
Logistic Regression,tamilish,cash_withdrawal_not_recognised,72.73,80.0,76.19,40
Logistic Regression,tamilish,change_pin,82.61,47.5,60.32,40
Logistic Regression,tamilish,compromised_card,0.0,0.0,0.0,40
Logistic Regression,tamilish,contactless_not_working,100.0,92.5,96.1,40
Logistic Regression,tamilish,country_support,72.73,60.0,65.75,40
Logistic Regression,tamilish,declined_card_payment,58.33,17.5,26.92,40
Logistic Regression,tamilish,declined_cash_withdrawal,60.0,15.0,24.0,40
Logistic Regression,tamilish,declined_transfer,96.15,62.5,75.76,40
Logistic Regression,tamilish,direct_debit_payment_not_recognised,48.0,30.0,36.92,40
Logistic Regression,tamilish,disposable_card_limits,75.0,22.5,34.62,40
Logistic Regression,tamilish,edit_personal_details,80.0,60.0,68.57,40
Logistic Regression,tamilish,exchange_charge,50.0,20.0,28.57,40
Logistic Regression,tamilish,exchange_rate,71.43,12.5,21.28,40
Logistic Regression,tamilish,exchange_via_app,79.59,97.5,87.64,40
Logistic Regression,tamilish,extra_charge_on_statement,79.41,67.5,72.97,40
Logistic Regression,tamilish,failed_transfer,40.0,15.0,21.82,40
Logistic Regression,tamilish,fiat_currency_support,49.23,80.0,60.95,40
Logistic Regression,tamilish,get_disposable_virtual_card,46.58,85.0,60.18,40
Logistic Regression,tamilish,get_physical_card,45.0,90.0,60.0,40
Logistic Regression,tamilish,getting_spare_card,71.88,57.5,63.89,40
Logistic Regression,tamilish,getting_virtual_card,67.86,95.0,79.17,40
Logistic Regression,tamilish,lost_or_stolen_card,51.79,72.5,60.42,40
Logistic Regression,tamilish,lost_or_stolen_phone,100.0,92.5,96.1,40
Logistic Regression,tamilish,order_physical_card,43.33,65.0,52.0,40
Logistic Regression,tamilish,passcode_forgotten,100.0,100.0,100.0,40
Logistic Regression,tamilish,pending_card_payment,85.0,42.5,56.67,40
Logistic Regression,tamilish,pending_cash_withdrawal,96.97,80.0,87.67,40
Logistic Regression,tamilish,pending_top_up,48.08,62.5,54.35,40
Logistic Regression,tamilish,pending_transfer,41.98,85.0,56.2,40
Logistic Regression,tamilish,pin_blocked,88.24,37.5,52.63,40
Logistic Regression,tamilish,receiving_money,37.36,85.0,51.91,40
Logistic Regression,tamilish,request_refund,85.0,42.5,56.67,40
Logistic Regression,tamilish,reverted_card_payment?,93.33,70.0,80.0,40
Logistic Regression,tamilish,supported_cards_and_currencies,65.79,62.5,64.1,40
Logistic Regression,tamilish,terminate_account,89.47,85.0,87.18,40
Logistic Regression,tamilish,top_up_by_bank_transfer_charge,91.67,55.0,68.75,40
Logistic Regression,tamilish,top_up_by_card_charge,66.67,20.0,30.77,40
Logistic Regression,tamilish,top_up_by_cash_or_cheque,88.89,40.0,55.17,40
Logistic Regression,tamilish,top_up_failed,19.42,50.0,27.97,40
Logistic Regression,tamilish,top_up_limits,88.1,92.5,90.24,40
Logistic Regression,tamilish,top_up_reverted,12.5,2.5,4.17,40
Logistic Regression,tamilish,topping_up_by_card,45.76,67.5,54.55,40
Logistic Regression,tamilish,transaction_charged_twice,96.3,65.0,77.61,40
Logistic Regression,tamilish,transfer_fee_charged,58.82,25.0,35.09,40
Logistic Regression,tamilish,transfer_into_account,0.0,0.0,0.0,40
Logistic Regression,tamilish,transfer_not_received_by_recipient,30.77,10.0,15.09,40
Logistic Regression,tamilish,transfer_timing,82.35,70.0,75.68,40
Logistic Regression,tamilish,unable_to_verify_identity,90.0,22.5,36.0,40
Logistic Regression,tamilish,verify_my_identity,35.45,97.5,52.0,40
Logistic Regression,tamilish,verify_source_of_funds,59.46,55.0,57.14,40
Logistic Regression,tamilish,verify_top_up,95.0,95.0,95.0,40
Logistic Regression,tamilish,virtual_card_not_working,100.0,25.0,40.0,40
Logistic Regression,tamilish,visa_or_mastercard,94.87,92.5,93.67,40
Logistic Regression,tamilish,why_verify_identity,87.5,35.0,50.0,40
Logistic Regression,tamilish,wrong_amount_of_cash_received,48.75,97.5,65.0,40
Logistic Regression,tamilish,wrong_exchange_rate_for_cash_withdrawal,84.62,27.5,41.51,40
Logistic Regression,all,Refund_not_showing_up,91.18,62.0,73.81,200
Logistic Regression,all,activate_my_card,99.43,87.5,93.09,200
Logistic Regression,all,age_limit,91.55,97.5,94.43,200
Logistic Regression,all,apple_pay_or_google_pay,100.0,100.0,100.0,200
Logistic Regression,all,atm_support,82.06,93.85,87.56,195
Logistic Regression,all,automatic_top_up,99.44,88.5,93.65,200
Logistic Regression,all,balance_not_updated_after_bank_transfer,80.98,74.5,77.6,200
Logistic Regression,all,balance_not_updated_after_cheque_or_cash_deposit,85.35,84.5,84.92,200
Logistic Regression,all,beneficiary_not_allowed,93.96,85.5,89.53,200
Logistic Regression,all,cancel_transfer,70.85,96.0,81.53,200
Logistic Regression,all,card_about_to_expire,98.16,80.0,88.15,200
Logistic Regression,all,card_acceptance,63.92,93.0,75.76,200
Logistic Regression,all,card_arrival,69.2,86.5,76.89,200
Logistic Regression,all,card_delivery_estimate,78.4,83.5,80.87,200
Logistic Regression,all,card_linking,93.33,91.0,92.15,200
Logistic Regression,all,card_not_working,74.15,87.5,80.28,200
Logistic Regression,all,card_payment_fee_charged,65.83,79.0,71.82,200
Logistic Regression,all,card_payment_not_recognised,69.78,78.5,73.88,200
Logistic Regression,all,card_payment_wrong_exchange_rate,70.0,91.0,79.13,200
Logistic Regression,all,card_swallowed,98.38,91.0,94.55,200
Logistic Regression,all,cash_withdrawal_charge,80.93,87.0,83.86,200
Logistic Regression,all,cash_withdrawal_not_recognised,80.58,83.0,81.77,200
Logistic Regression,all,change_pin,93.46,71.5,81.02,200
Logistic Regression,all,compromised_card,77.4,68.5,72.68,200
Logistic Regression,all,contactless_not_working,98.95,94.0,96.41,200
Logistic Regression,all,country_support,85.44,88.0,86.7,200
Logistic Regression,all,declined_card_payment,82.29,79.0,80.61,200
Logistic Regression,all,declined_cash_withdrawal,81.91,81.5,81.7,200
Logistic Regression,all,declined_transfer,95.73,78.5,86.26,200
Logistic Regression,all,direct_debit_payment_not_recognised,89.68,69.5,78.31,200
Logistic Regression,all,disposable_card_limits,86.55,74.0,79.78,200
Logistic Regression,all,edit_personal_details,92.12,93.5,92.8,200
Logistic Regression,all,exchange_charge,87.04,70.5,77.9,200
Logistic Regression,all,exchange_rate,78.16,80.5,79.31,200
Logistic Regression,all,exchange_via_app,80.92,70.0,75.07,200
Logistic Regression,all,extra_charge_on_statement,88.14,85.5,86.8,200
Logistic Regression,all,failed_transfer,69.95,71.0,70.47,200
Logistic Regression,all,fiat_currency_support,78.05,80.0,79.01,200
Logistic Regression,all,get_disposable_virtual_card,69.23,81.0,74.65,200
Logistic Regression,all,get_physical_card,69.82,96.0,80.84,200
Logistic Regression,all,getting_spare_card,79.29,78.5,78.89,200
Logistic Regression,all,getting_virtual_card,75.93,91.5,82.99,200
Logistic Regression,all,lost_or_stolen_card,73.19,86.0,79.08,200
Logistic Regression,all,lost_or_stolen_phone,98.96,95.0,96.94,200
Logistic Regression,all,order_physical_card,67.43,73.5,70.33,200
Logistic Regression,all,passcode_forgotten,100.0,100.0,100.0,200
Logistic Regression,all,pending_card_payment,91.23,78.0,84.1,200
Logistic Regression,all,pending_cash_withdrawal,94.15,88.5,91.24,200
Logistic Regression,all,pending_top_up,72.65,85.0,78.34,200
Logistic Regression,all,pending_transfer,70.97,77.0,73.86,200
Logistic Regression,all,pin_blocked,92.64,75.5,83.2,200
Logistic Regression,all,receiving_money,70.82,91.0,79.65,200
Logistic Regression,all,request_refund,81.91,81.5,81.7,200
Logistic Regression,all,reverted_card_payment?,81.13,86.0,83.5,200
Logistic Regression,all,supported_cards_and_currencies,83.82,85.5,84.65,200
Logistic Regression,all,terminate_account,83.98,97.0,90.02,200
Logistic Regression,all,top_up_by_bank_transfer_charge,85.64,80.5,82.99,200
Logistic Regression,all,top_up_by_card_charge,91.81,78.5,84.64,200
Logistic Regression,all,top_up_by_cash_or_cheque,89.88,75.5,82.07,200
Logistic Regression,all,top_up_failed,62.34,72.0,66.82,200
Logistic Regression,all,top_up_limits,95.0,95.0,95.0,200
Logistic Regression,all,top_up_reverted,80.61,66.5,72.88,200
Logistic Regression,all,topping_up_by_card,75.12,77.0,76.05,200
Logistic Regression,all,transaction_charged_twice,90.67,87.5,89.06,200
Logistic Regression,all,transfer_fee_charged,84.88,73.0,78.49,200
Logistic Regression,all,transfer_into_account,86.62,68.0,76.19,200
Logistic Regression,all,transfer_not_received_by_recipient,79.21,70.5,74.6,200
Logistic Regression,all,transfer_timing,87.05,84.0,85.5,200
Logistic Regression,all,unable_to_verify_identity,76.76,71.0,73.77,200
Logistic Regression,all,verify_my_identity,60.15,80.0,68.67,200
Logistic Regression,all,verify_source_of_funds,83.33,87.5,85.37,200
Logistic Regression,all,verify_top_up,96.92,94.5,95.7,200
Logistic Regression,all,virtual_card_not_working,99.05,52.0,68.2,200
Logistic Regression,all,visa_or_mastercard,96.13,87.0,91.34,200
Logistic Regression,all,why_verify_identity,83.33,67.5,74.59,200
Logistic Regression,all,wrong_amount_of_cash_received,66.3,90.5,76.53,200
Logistic Regression,all,wrong_exchange_rate_for_cash_withdrawal,91.11,61.5,73.43,200
Linear SVM,english,Refund_not_showing_up,95.12,97.5,96.3,40
Linear SVM,english,activate_my_card,97.5,97.5,97.5,40
Linear SVM,english,age_limit,95.24,100.0,97.56,40
Linear SVM,english,apple_pay_or_google_pay,100.0,100.0,100.0,40
Linear SVM,english,atm_support,94.87,94.87,94.87,39
Linear SVM,english,automatic_top_up,97.5,97.5,97.5,40
Linear SVM,english,balance_not_updated_after_bank_transfer,76.32,72.5,74.36,40
Linear SVM,english,balance_not_updated_after_cheque_or_cash_deposit,95.0,95.0,95.0,40
Linear SVM,english,beneficiary_not_allowed,97.44,95.0,96.2,40
Linear SVM,english,cancel_transfer,100.0,95.0,97.44,40
Linear SVM,english,card_about_to_expire,100.0,97.5,98.73,40
Linear SVM,english,card_acceptance,94.59,87.5,90.91,40
Linear SVM,english,card_arrival,89.74,87.5,88.61,40
Linear SVM,english,card_delivery_estimate,83.72,90.0,86.75,40
Linear SVM,english,card_linking,95.12,97.5,96.3,40
Linear SVM,english,card_not_working,74.0,92.5,82.22,40
Linear SVM,english,card_payment_fee_charged,94.59,87.5,90.91,40
Linear SVM,english,card_payment_not_recognised,89.19,82.5,85.71,40
Linear SVM,english,card_payment_wrong_exchange_rate,85.71,90.0,87.8,40
Linear SVM,english,card_swallowed,97.22,87.5,92.11,40
Linear SVM,english,cash_withdrawal_charge,92.5,92.5,92.5,40
Linear SVM,english,cash_withdrawal_not_recognised,88.37,95.0,91.57,40
Linear SVM,english,change_pin,100.0,95.0,97.44,40
Linear SVM,english,compromised_card,83.72,90.0,86.75,40
Linear SVM,english,contactless_not_working,100.0,97.5,98.73,40
Linear SVM,english,country_support,90.7,97.5,93.98,40
Linear SVM,english,declined_card_payment,88.64,97.5,92.86,40
Linear SVM,english,declined_cash_withdrawal,92.5,92.5,92.5,40
Linear SVM,english,declined_transfer,97.06,82.5,89.19,40
Linear SVM,english,direct_debit_payment_not_recognised,90.0,90.0,90.0,40
Linear SVM,english,disposable_card_limits,94.44,85.0,89.47,40
Linear SVM,english,edit_personal_details,95.24,100.0,97.56,40
Linear SVM,english,exchange_charge,87.5,87.5,87.5,40
Linear SVM,english,exchange_rate,90.7,97.5,93.98,40
Linear SVM,english,exchange_via_app,90.0,90.0,90.0,40
Linear SVM,english,extra_charge_on_statement,97.3,90.0,93.51,40
Linear SVM,english,failed_transfer,75.56,85.0,80.0,40
Linear SVM,english,fiat_currency_support,93.94,77.5,84.93,40
Linear SVM,english,get_disposable_virtual_card,92.11,87.5,89.74,40
Linear SVM,english,get_physical_card,86.67,97.5,91.76,40
Linear SVM,english,getting_spare_card,90.24,92.5,91.36,40
Linear SVM,english,getting_virtual_card,80.85,95.0,87.36,40
Linear SVM,english,lost_or_stolen_card,82.22,92.5,87.06,40
Linear SVM,english,lost_or_stolen_phone,100.0,97.5,98.73,40
Linear SVM,english,order_physical_card,89.47,85.0,87.18,40
Linear SVM,english,passcode_forgotten,97.56,100.0,98.77,40
Linear SVM,english,pending_card_payment,87.8,90.0,88.89,40
Linear SVM,english,pending_cash_withdrawal,97.14,85.0,90.67,40
Linear SVM,english,pending_top_up,87.8,90.0,88.89,40
Linear SVM,english,pending_transfer,75.61,77.5,76.54,40
Linear SVM,english,pin_blocked,94.29,82.5,88.0,40
Linear SVM,english,receiving_money,100.0,100.0,100.0,40
Linear SVM,english,request_refund,94.87,92.5,93.67,40
Linear SVM,english,reverted_card_payment?,90.48,95.0,92.68,40
Linear SVM,english,supported_cards_and_currencies,82.98,97.5,89.66,40
Linear SVM,english,terminate_account,97.56,100.0,98.77,40
Linear SVM,english,top_up_by_bank_transfer_charge,97.3,90.0,93.51,40
Linear SVM,english,top_up_by_card_charge,95.12,97.5,96.3,40
Linear SVM,english,top_up_by_cash_or_cheque,94.59,87.5,90.91,40
Linear SVM,english,top_up_failed,81.58,77.5,79.49,40
Linear SVM,english,top_up_limits,88.37,95.0,91.57,40
Linear SVM,english,top_up_reverted,89.19,82.5,85.71,40
Linear SVM,english,topping_up_by_card,87.18,85.0,86.08,40
Linear SVM,english,transaction_charged_twice,88.89,100.0,94.12,40
Linear SVM,english,transfer_fee_charged,87.5,87.5,87.5,40
Linear SVM,english,transfer_into_account,87.18,85.0,86.08,40
Linear SVM,english,transfer_not_received_by_recipient,82.93,85.0,83.95,40
Linear SVM,english,transfer_timing,91.67,82.5,86.84,40
Linear SVM,english,unable_to_verify_identity,84.62,82.5,83.54,40
Linear SVM,english,verify_my_identity,85.0,85.0,85.0,40
Linear SVM,english,verify_source_of_funds,93.02,100.0,96.39,40
Linear SVM,english,verify_top_up,100.0,100.0,100.0,40
Linear SVM,english,virtual_card_not_working,100.0,85.0,91.89,40
Linear SVM,english,visa_or_mastercard,100.0,92.5,96.1,40
Linear SVM,english,why_verify_identity,82.93,85.0,83.95,40
Linear SVM,english,wrong_amount_of_cash_received,94.74,90.0,92.31,40
Linear SVM,english,wrong_exchange_rate_for_cash_withdrawal,85.0,85.0,85.0,40
Linear SVM,sinhala,Refund_not_showing_up,93.02,100.0,96.39,40
Linear SVM,sinhala,activate_my_card,100.0,97.5,98.73,40
Linear SVM,sinhala,age_limit,97.56,100.0,98.77,40
Linear SVM,sinhala,apple_pay_or_google_pay,100.0,97.5,98.73,40
Linear SVM,sinhala,atm_support,87.5,89.74,88.61,39
Linear SVM,sinhala,automatic_top_up,97.5,97.5,97.5,40
Linear SVM,sinhala,balance_not_updated_after_bank_transfer,87.88,72.5,79.45,40
Linear SVM,sinhala,balance_not_updated_after_cheque_or_cash_deposit,92.86,97.5,95.12,40
Linear SVM,sinhala,beneficiary_not_allowed,97.22,87.5,92.11,40
Linear SVM,sinhala,cancel_transfer,95.12,97.5,96.3,40
Linear SVM,sinhala,card_about_to_expire,100.0,92.5,96.1,40
Linear SVM,sinhala,card_acceptance,90.24,92.5,91.36,40
Linear SVM,sinhala,card_arrival,67.35,82.5,74.16,40
Linear SVM,sinhala,card_delivery_estimate,81.58,77.5,79.49,40
Linear SVM,sinhala,card_linking,97.37,92.5,94.87,40
Linear SVM,sinhala,card_not_working,87.5,87.5,87.5,40
Linear SVM,sinhala,card_payment_fee_charged,82.86,72.5,77.33,40
Linear SVM,sinhala,card_payment_not_recognised,69.39,85.0,76.4,40
Linear SVM,sinhala,card_payment_wrong_exchange_rate,88.1,92.5,90.24,40
Linear SVM,sinhala,card_swallowed,87.8,90.0,88.89,40
Linear SVM,sinhala,cash_withdrawal_charge,96.67,72.5,82.86,40
Linear SVM,sinhala,cash_withdrawal_not_recognised,85.71,90.0,87.8,40
Linear SVM,sinhala,change_pin,90.62,72.5,80.56,40
Linear SVM,sinhala,compromised_card,86.84,82.5,84.62,40
Linear SVM,sinhala,contactless_not_working,97.37,92.5,94.87,40
Linear SVM,sinhala,country_support,88.89,100.0,94.12,40
Linear SVM,sinhala,declined_card_payment,82.22,92.5,87.06,40
Linear SVM,sinhala,declined_cash_withdrawal,77.78,87.5,82.35,40
Linear SVM,sinhala,declined_transfer,93.94,77.5,84.93,40
Linear SVM,sinhala,direct_debit_payment_not_recognised,86.84,82.5,84.62,40
Linear SVM,sinhala,disposable_card_limits,45.68,92.5,61.16,40
Linear SVM,sinhala,edit_personal_details,93.02,100.0,96.39,40
Linear SVM,sinhala,exchange_charge,94.29,82.5,88.0,40
Linear SVM,sinhala,exchange_rate,65.57,100.0,79.21,40
Linear SVM,sinhala,exchange_via_app,77.78,35.0,48.28,40
Linear SVM,sinhala,extra_charge_on_statement,65.31,80.0,71.91,40
Linear SVM,sinhala,failed_transfer,76.6,90.0,82.76,40
Linear SVM,sinhala,fiat_currency_support,82.93,85.0,83.95,40
Linear SVM,sinhala,get_disposable_virtual_card,100.0,2.5,4.88,40
Linear SVM,sinhala,get_physical_card,70.37,95.0,80.85,40
Linear SVM,sinhala,getting_spare_card,88.46,57.5,69.7,40
Linear SVM,sinhala,getting_virtual_card,41.94,97.5,58.65,40
Linear SVM,sinhala,lost_or_stolen_card,75.0,82.5,78.57,40
Linear SVM,sinhala,lost_or_stolen_phone,100.0,92.5,96.1,40
Linear SVM,sinhala,order_physical_card,80.95,42.5,55.74,40
Linear SVM,sinhala,passcode_forgotten,100.0,100.0,100.0,40
Linear SVM,sinhala,pending_card_payment,87.8,90.0,88.89,40
Linear SVM,sinhala,pending_cash_withdrawal,90.7,97.5,93.98,40
Linear SVM,sinhala,pending_top_up,72.55,92.5,81.32,40
Linear SVM,sinhala,pending_transfer,78.95,75.0,76.92,40
Linear SVM,sinhala,pin_blocked,93.94,77.5,84.93,40
Linear SVM,sinhala,receiving_money,95.0,95.0,95.0,40
Linear SVM,sinhala,request_refund,97.3,90.0,93.51,40
Linear SVM,sinhala,reverted_card_payment?,94.59,87.5,90.91,40
Linear SVM,sinhala,supported_cards_and_currencies,73.08,95.0,82.61,40
Linear SVM,sinhala,terminate_account,95.24,100.0,97.56,40
Linear SVM,sinhala,top_up_by_bank_transfer_charge,73.91,85.0,79.07,40
Linear SVM,sinhala,top_up_by_card_charge,87.1,67.5,76.06,40
Linear SVM,sinhala,top_up_by_cash_or_cheque,94.74,90.0,92.31,40
Linear SVM,sinhala,top_up_failed,73.53,62.5,67.57,40
Linear SVM,sinhala,top_up_limits,92.68,95.0,93.83,40
Linear SVM,sinhala,top_up_reverted,77.5,77.5,77.5,40
Linear SVM,sinhala,topping_up_by_card,73.81,77.5,75.61,40
Linear SVM,sinhala,transaction_charged_twice,88.89,100.0,94.12,40
Linear SVM,sinhala,transfer_fee_charged,86.67,65.0,74.29,40
Linear SVM,sinhala,transfer_into_account,91.67,82.5,86.84,40
Linear SVM,sinhala,transfer_not_received_by_recipient,67.44,72.5,69.88,40
Linear SVM,sinhala,transfer_timing,82.86,72.5,77.33,40
Linear SVM,sinhala,unable_to_verify_identity,93.94,77.5,84.93,40
Linear SVM,sinhala,verify_my_identity,64.71,82.5,72.53,40
Linear SVM,sinhala,verify_source_of_funds,93.02,100.0,96.39,40
Linear SVM,sinhala,verify_top_up,100.0,100.0,100.0,40
Linear SVM,sinhala,virtual_card_not_working,100.0,2.5,4.88,40
Linear SVM,sinhala,visa_or_mastercard,88.1,92.5,90.24,40
Linear SVM,sinhala,why_verify_identity,82.5,82.5,82.5,40
Linear SVM,sinhala,wrong_amount_of_cash_received,96.67,72.5,82.86,40
Linear SVM,sinhala,wrong_exchange_rate_for_cash_withdrawal,86.05,92.5,89.16,40
Linear SVM,singlish,Refund_not_showing_up,93.02,100.0,96.39,40
Linear SVM,singlish,activate_my_card,100.0,92.5,96.1,40
Linear SVM,singlish,age_limit,100.0,100.0,100.0,40
Linear SVM,singlish,apple_pay_or_google_pay,100.0,97.5,98.73,40
Linear SVM,singlish,atm_support,94.59,89.74,92.11,39
Linear SVM,singlish,automatic_top_up,97.5,97.5,97.5,40
Linear SVM,singlish,balance_not_updated_after_bank_transfer,81.08,75.0,77.92,40
Linear SVM,singlish,balance_not_updated_after_cheque_or_cash_deposit,92.68,95.0,93.83,40
Linear SVM,singlish,beneficiary_not_allowed,97.22,87.5,92.11,40
Linear SVM,singlish,cancel_transfer,90.48,95.0,92.68,40
Linear SVM,singlish,card_about_to_expire,100.0,97.5,98.73,40
Linear SVM,singlish,card_acceptance,88.1,92.5,90.24,40
Linear SVM,singlish,card_arrival,82.5,82.5,82.5,40
Linear SVM,singlish,card_delivery_estimate,76.74,82.5,79.52,40
Linear SVM,singlish,card_linking,97.37,92.5,94.87,40
Linear SVM,singlish,card_not_working,80.0,90.0,84.71,40
Linear SVM,singlish,card_payment_fee_charged,75.0,90.0,81.82,40
Linear SVM,singlish,card_payment_not_recognised,77.27,85.0,80.95,40
Linear SVM,singlish,card_payment_wrong_exchange_rate,65.52,95.0,77.55,40
Linear SVM,singlish,card_swallowed,97.44,95.0,96.2,40
Linear SVM,singlish,cash_withdrawal_charge,100.0,90.0,94.74,40
Linear SVM,singlish,cash_withdrawal_not_recognised,94.44,85.0,89.47,40
Linear SVM,singlish,change_pin,86.67,65.0,74.29,40
Linear SVM,singlish,compromised_card,91.67,82.5,86.84,40
Linear SVM,singlish,contactless_not_working,97.44,95.0,96.2,40
Linear SVM,singlish,country_support,93.02,100.0,96.39,40
Linear SVM,singlish,declined_card_payment,84.09,92.5,88.1,40
Linear SVM,singlish,declined_cash_withdrawal,80.0,90.0,84.71,40
Linear SVM,singlish,declined_transfer,91.43,80.0,85.33,40
Linear SVM,singlish,direct_debit_payment_not_recognised,91.89,85.0,88.31,40
Linear SVM,singlish,disposable_card_limits,72.0,90.0,80.0,40
Linear SVM,singlish,edit_personal_details,95.24,100.0,97.56,40
Linear SVM,singlish,exchange_charge,94.44,85.0,89.47,40
Linear SVM,singlish,exchange_rate,70.18,100.0,82.47,40
Linear SVM,singlish,exchange_via_app,84.0,52.5,64.62,40
Linear SVM,singlish,extra_charge_on_statement,91.18,77.5,83.78,40
Linear SVM,singlish,failed_transfer,72.0,90.0,80.0,40
Linear SVM,singlish,fiat_currency_support,87.18,85.0,86.08,40
Linear SVM,singlish,get_disposable_virtual_card,92.86,65.0,76.47,40
Linear SVM,singlish,get_physical_card,69.09,95.0,80.0,40
Linear SVM,singlish,getting_spare_card,80.65,62.5,70.42,40
Linear SVM,singlish,getting_virtual_card,79.17,95.0,86.36,40
Linear SVM,singlish,lost_or_stolen_card,73.33,82.5,77.65,40
Linear SVM,singlish,lost_or_stolen_phone,97.3,90.0,93.51,40
Linear SVM,singlish,order_physical_card,80.49,82.5,81.48,40
Linear SVM,singlish,passcode_forgotten,97.56,100.0,98.77,40
Linear SVM,singlish,pending_card_payment,87.8,90.0,88.89,40
Linear SVM,singlish,pending_cash_withdrawal,95.0,95.0,95.0,40
Linear SVM,singlish,pending_top_up,72.34,85.0,78.16,40
Linear SVM,singlish,pending_transfer,80.0,80.0,80.0,40
Linear SVM,singlish,pin_blocked,91.89,85.0,88.31,40
Linear SVM,singlish,receiving_money,94.74,90.0,92.31,40
Linear SVM,singlish,request_refund,94.74,90.0,92.31,40
Linear SVM,singlish,reverted_card_payment?,92.11,87.5,89.74,40
Linear SVM,singlish,supported_cards_and_currencies,76.6,90.0,82.76,40
Linear SVM,singlish,terminate_account,90.7,97.5,93.98,40
Linear SVM,singlish,top_up_by_bank_transfer_charge,73.91,85.0,79.07,40
Linear SVM,singlish,top_up_by_card_charge,88.24,75.0,81.08,40
Linear SVM,singlish,top_up_by_cash_or_cheque,94.74,90.0,92.31,40
Linear SVM,singlish,top_up_failed,75.68,70.0,72.73,40
Linear SVM,singlish,top_up_limits,95.0,95.0,95.0,40
Linear SVM,singlish,top_up_reverted,85.0,85.0,85.0,40
Linear SVM,singlish,topping_up_by_card,82.05,80.0,81.01,40
Linear SVM,singlish,transaction_charged_twice,86.96,100.0,93.02,40
Linear SVM,singlish,transfer_fee_charged,82.86,72.5,77.33,40
Linear SVM,singlish,transfer_into_account,88.89,80.0,84.21,40
Linear SVM,singlish,transfer_not_received_by_recipient,78.79,65.0,71.23,40
Linear SVM,singlish,transfer_timing,87.88,72.5,79.45,40
Linear SVM,singlish,unable_to_verify_identity,88.57,77.5,82.67,40
Linear SVM,singlish,verify_my_identity,66.04,87.5,75.27,40
Linear SVM,singlish,verify_source_of_funds,97.56,100.0,98.77,40
Linear SVM,singlish,verify_top_up,97.56,100.0,98.77,40
Linear SVM,singlish,virtual_card_not_working,100.0,90.0,94.74,40
Linear SVM,singlish,visa_or_mastercard,92.5,92.5,92.5,40
Linear SVM,singlish,why_verify_identity,88.57,77.5,82.67,40
Linear SVM,singlish,wrong_amount_of_cash_received,83.33,75.0,78.95,40
Linear SVM,singlish,wrong_exchange_rate_for_cash_withdrawal,78.57,55.0,64.71,40
Linear SVM,tamil,Refund_not_showing_up,91.67,27.5,42.31,40
Linear SVM,tamil,activate_my_card,95.0,95.0,95.0,40
Linear SVM,tamil,age_limit,95.24,100.0,97.56,40
Linear SVM,tamil,apple_pay_or_google_pay,100.0,100.0,100.0,40
Linear SVM,tamil,atm_support,97.37,94.87,96.1,39
Linear SVM,tamil,automatic_top_up,97.56,100.0,98.77,40
Linear SVM,tamil,balance_not_updated_after_bank_transfer,65.12,70.0,67.47,40
Linear SVM,tamil,balance_not_updated_after_cheque_or_cash_deposit,89.47,85.0,87.18,40
Linear SVM,tamil,beneficiary_not_allowed,97.3,90.0,93.51,40
Linear SVM,tamil,cancel_transfer,88.37,95.0,91.57,40
Linear SVM,tamil,card_about_to_expire,100.0,97.5,98.73,40
Linear SVM,tamil,card_acceptance,91.89,85.0,88.31,40
Linear SVM,tamil,card_arrival,85.71,90.0,87.8,40
Linear SVM,tamil,card_delivery_estimate,84.09,92.5,88.1,40
Linear SVM,tamil,card_linking,92.68,95.0,93.83,40
Linear SVM,tamil,card_not_working,74.47,87.5,80.46,40
Linear SVM,tamil,card_payment_fee_charged,78.72,92.5,85.06,40
Linear SVM,tamil,card_payment_not_recognised,67.35,82.5,74.16,40
Linear SVM,tamil,card_payment_wrong_exchange_rate,80.43,92.5,86.05,40
Linear SVM,tamil,card_swallowed,100.0,90.0,94.74,40
Linear SVM,tamil,cash_withdrawal_charge,92.31,90.0,91.14,40
Linear SVM,tamil,cash_withdrawal_not_recognised,68.29,70.0,69.14,40
Linear SVM,tamil,change_pin,94.74,90.0,92.31,40
Linear SVM,tamil,compromised_card,86.84,82.5,84.62,40
Linear SVM,tamil,contactless_not_working,100.0,92.5,96.1,40
Linear SVM,tamil,country_support,90.48,95.0,92.68,40
Linear SVM,tamil,declined_card_payment,80.43,92.5,86.05,40
Linear SVM,tamil,declined_cash_withdrawal,90.7,97.5,93.98,40
Linear SVM,tamil,declined_transfer,78.57,82.5,80.49,40
Linear SVM,tamil,direct_debit_payment_not_recognised,91.43,80.0,85.33,40
Linear SVM,tamil,disposable_card_limits,92.86,97.5,95.12,40
Linear SVM,tamil,edit_personal_details,90.91,100.0,95.24,40
Linear SVM,tamil,exchange_charge,90.24,92.5,91.36,40
Linear SVM,tamil,exchange_rate,95.0,95.0,95.0,40
Linear SVM,tamil,exchange_via_app,85.71,75.0,80.0,40
Linear SVM,tamil,extra_charge_on_statement,92.11,87.5,89.74,40
Linear SVM,tamil,failed_transfer,70.27,65.0,67.53,40
Linear SVM,tamil,fiat_currency_support,87.88,72.5,79.45,40
Linear SVM,tamil,get_disposable_virtual_card,52.86,92.5,67.27,40
Linear SVM,tamil,get_physical_card,84.78,97.5,90.7,40
Linear SVM,tamil,getting_spare_card,90.0,90.0,90.0,40
Linear SVM,tamil,getting_virtual_card,93.94,77.5,84.93,40
Linear SVM,tamil,lost_or_stolen_card,81.82,90.0,85.71,40
Linear SVM,tamil,lost_or_stolen_phone,100.0,95.0,97.44,40
Linear SVM,tamil,order_physical_card,92.11,87.5,89.74,40
Linear SVM,tamil,passcode_forgotten,97.56,100.0,98.77,40
Linear SVM,tamil,pending_card_payment,91.67,82.5,86.84,40
Linear SVM,tamil,pending_cash_withdrawal,94.74,90.0,92.31,40
Linear SVM,tamil,pending_top_up,88.89,80.0,84.21,40
Linear SVM,tamil,pending_transfer,69.05,72.5,70.73,40
Linear SVM,tamil,pin_blocked,94.44,85.0,89.47,40
Linear SVM,tamil,receiving_money,97.5,97.5,97.5,40
Linear SVM,tamil,request_refund,66.67,95.0,78.35,40
Linear SVM,tamil,reverted_card_payment?,78.05,80.0,79.01,40
Linear SVM,tamil,supported_cards_and_currencies,86.36,95.0,90.48,40
Linear SVM,tamil,terminate_account,97.5,97.5,97.5,40
Linear SVM,tamil,top_up_by_bank_transfer_charge,94.87,92.5,93.67,40
Linear SVM,tamil,top_up_by_card_charge,92.68,95.0,93.83,40
Linear SVM,tamil,top_up_by_cash_or_cheque,83.33,75.0,78.95,40
Linear SVM,tamil,top_up_failed,71.43,75.0,73.17,40
Linear SVM,tamil,top_up_limits,95.24,100.0,97.56,40
Linear SVM,tamil,top_up_reverted,69.39,85.0,76.4,40
Linear SVM,tamil,topping_up_by_card,93.75,75.0,83.33,40
Linear SVM,tamil,transaction_charged_twice,93.02,100.0,96.39,40
Linear SVM,tamil,transfer_fee_charged,87.8,90.0,88.89,40
Linear SVM,tamil,transfer_into_account,79.07,85.0,81.93,40
Linear SVM,tamil,transfer_not_received_by_recipient,80.43,92.5,86.05,40
Linear SVM,tamil,transfer_timing,93.33,70.0,80.0,40
Linear SVM,tamil,unable_to_verify_identity,82.61,95.0,88.37,40
Linear SVM,tamil,verify_my_identity,91.43,80.0,85.33,40
Linear SVM,tamil,verify_source_of_funds,92.86,97.5,95.12,40
Linear SVM,tamil,verify_top_up,100.0,82.5,90.41,40
Linear SVM,tamil,virtual_card_not_working,100.0,7.5,13.95,40
Linear SVM,tamil,visa_or_mastercard,97.3,90.0,93.51,40
Linear SVM,tamil,why_verify_identity,79.59,97.5,87.64,40
Linear SVM,tamil,wrong_amount_of_cash_received,100.0,90.0,94.74,40
Linear SVM,tamil,wrong_exchange_rate_for_cash_withdrawal,85.37,87.5,86.42,40
Linear SVM,tamilish,Refund_not_showing_up,69.7,57.5,63.01,40
Linear SVM,tamilish,activate_my_card,89.74,87.5,88.61,40
Linear SVM,tamilish,age_limit,69.64,97.5,81.25,40
Linear SVM,tamilish,apple_pay_or_google_pay,92.86,97.5,95.12,40
Linear SVM,tamilish,atm_support,53.62,94.87,68.52,39
Linear SVM,tamilish,automatic_top_up,100.0,80.0,88.89,40
Linear SVM,tamilish,balance_not_updated_after_bank_transfer,75.68,70.0,72.73,40
Linear SVM,tamilish,balance_not_updated_after_cheque_or_cash_deposit,78.95,37.5,50.85,40
Linear SVM,tamilish,beneficiary_not_allowed,96.0,60.0,73.85,40
Linear SVM,tamilish,cancel_transfer,35.58,92.5,51.39,40
Linear SVM,tamilish,card_about_to_expire,81.82,45.0,58.06,40
Linear SVM,tamilish,card_acceptance,46.67,87.5,60.87,40
Linear SVM,tamilish,card_arrival,63.83,75.0,68.97,40
Linear SVM,tamilish,card_delivery_estimate,63.89,57.5,60.53,40
Linear SVM,tamilish,card_linking,88.57,77.5,82.67,40
Linear SVM,tamilish,card_not_working,86.96,50.0,63.49,40
Linear SVM,tamilish,card_payment_fee_charged,65.91,72.5,69.05,40
Linear SVM,tamilish,card_payment_not_recognised,40.85,72.5,52.25,40
Linear SVM,tamilish,card_payment_wrong_exchange_rate,34.02,82.5,48.18,40
Linear SVM,tamilish,card_swallowed,97.14,85.0,90.67,40
Linear SVM,tamilish,cash_withdrawal_charge,58.62,85.0,69.39,40
Linear SVM,tamilish,cash_withdrawal_not_recognised,76.19,80.0,78.05,40
Linear SVM,tamilish,change_pin,77.42,60.0,67.61,40
Linear SVM,tamilish,compromised_card,22.22,5.0,8.16,40
Linear SVM,tamilish,contactless_not_working,100.0,95.0,97.44,40
Linear SVM,tamilish,country_support,66.67,60.0,63.16,40
Linear SVM,tamilish,declined_card_payment,83.33,25.0,38.46,40
Linear SVM,tamilish,declined_cash_withdrawal,66.67,15.0,24.49,40
Linear SVM,tamilish,declined_transfer,100.0,67.5,80.6,40
Linear SVM,tamilish,direct_debit_payment_not_recognised,30.91,42.5,35.79,40
Linear SVM,tamilish,disposable_card_limits,86.67,32.5,47.27,40
Linear SVM,tamilish,edit_personal_details,76.32,72.5,74.36,40
Linear SVM,tamilish,exchange_charge,70.0,17.5,28.0,40
Linear SVM,tamilish,exchange_rate,72.73,20.0,31.37,40
Linear SVM,tamilish,exchange_via_app,84.78,97.5,90.7,40
Linear SVM,tamilish,extra_charge_on_statement,96.77,75.0,84.51,40
Linear SVM,tamilish,failed_transfer,47.37,22.5,30.51,40
Linear SVM,tamilish,fiat_currency_support,54.9,70.0,61.54,40
Linear SVM,tamilish,get_disposable_virtual_card,50.72,87.5,64.22,40
Linear SVM,tamilish,get_physical_card,52.31,85.0,64.76,40
Linear SVM,tamilish,getting_spare_card,71.43,50.0,58.82,40
Linear SVM,tamilish,getting_virtual_card,69.09,95.0,80.0,40
Linear SVM,tamilish,lost_or_stolen_card,62.22,70.0,65.88,40
Linear SVM,tamilish,lost_or_stolen_phone,95.0,95.0,95.0,40
Linear SVM,tamilish,order_physical_card,42.62,65.0,51.49,40
Linear SVM,tamilish,passcode_forgotten,97.56,100.0,98.77,40
Linear SVM,tamilish,pending_card_payment,80.95,42.5,55.74,40
Linear SVM,tamilish,pending_cash_withdrawal,96.97,80.0,87.67,40
Linear SVM,tamilish,pending_top_up,39.06,62.5,48.08,40
Linear SVM,tamilish,pending_transfer,45.76,67.5,54.55,40
Linear SVM,tamilish,pin_blocked,65.38,42.5,51.52,40
Linear SVM,tamilish,receiving_money,46.67,87.5,60.87,40
Linear SVM,tamilish,request_refund,81.25,32.5,46.43,40
Linear SVM,tamilish,reverted_card_payment?,100.0,67.5,80.6,40
Linear SVM,tamilish,supported_cards_and_currencies,38.57,67.5,49.09,40
Linear SVM,tamilish,terminate_account,97.06,82.5,89.19,40
Linear SVM,tamilish,top_up_by_bank_transfer_charge,82.76,60.0,69.57,40
Linear SVM,tamilish,top_up_by_card_charge,66.67,20.0,30.77,40
Linear SVM,tamilish,top_up_by_cash_or_cheque,82.61,47.5,60.32,40
Linear SVM,tamilish,top_up_failed,16.96,47.5,25.0,40
Linear SVM,tamilish,top_up_limits,79.17,95.0,86.36,40
Linear SVM,tamilish,top_up_reverted,23.08,7.5,11.32,40
Linear SVM,tamilish,topping_up_by_card,52.08,62.5,56.82,40
Linear SVM,tamilish,transaction_charged_twice,86.67,65.0,74.29,40
Linear SVM,tamilish,transfer_fee_charged,76.47,32.5,45.61,40
Linear SVM,tamilish,transfer_into_account,20.0,5.0,8.0,40
Linear SVM,tamilish,transfer_not_received_by_recipient,33.33,17.5,22.95,40
Linear SVM,tamilish,transfer_timing,85.29,72.5,78.38,40
Linear SVM,tamilish,unable_to_verify_identity,90.91,25.0,39.22,40
Linear SVM,tamilish,verify_my_identity,37.25,95.0,53.52,40
Linear SVM,tamilish,verify_source_of_funds,54.84,42.5,47.89,40
Linear SVM,tamilish,verify_top_up,90.7,97.5,93.98,40
Linear SVM,tamilish,virtual_card_not_working,100.0,37.5,54.55,40
Linear SVM,tamilish,visa_or_mastercard,79.17,95.0,86.36,40
Linear SVM,tamilish,why_verify_identity,65.0,32.5,43.33,40
Linear SVM,tamilish,wrong_amount_of_cash_received,44.94,100.0,62.02,40
Linear SVM,tamilish,wrong_exchange_rate_for_cash_withdrawal,86.67,32.5,47.27,40
Linear SVM,all,Refund_not_showing_up,90.06,72.5,80.33,200
Linear SVM,all,activate_my_card,94.85,92.0,93.4,200
Linear SVM,all,age_limit,88.44,99.5,93.65,200
Linear SVM,all,apple_pay_or_google_pay,98.5,98.5,98.5,200
Linear SVM,all,atm_support,83.87,93.33,88.35,195
Linear SVM,all,automatic_top_up,97.92,94.0,95.92,200
Linear SVM,all,balance_not_updated_after_bank_transfer,79.23,72.5,75.72,200
Linear SVM,all,balance_not_updated_after_cheque_or_cash_deposit,92.27,83.5,87.66,200
Linear SVM,all,beneficiary_not_allowed,96.0,84.0,89.6,200
Linear SVM,all,cancel_transfer,73.08,95.0,82.61,200
Linear SVM,all,card_about_to_expire,95.38,82.5,88.47,200
Linear SVM,all,card_acceptance,76.05,90.5,82.65,200
Linear SVM,all,card_arrival,77.83,82.5,80.1,200
Linear SVM,all,card_delivery_estimate,81.25,84.5,82.84,200
Linear SVM,all,card_linking,94.42,93.0,93.7,200
Linear SVM,all,card_not_working,74.55,83.5,78.77,200
Linear SVM,all,card_payment_fee_charged,77.78,80.5,79.12,200
Linear SVM,all,card_payment_not_recognised,67.89,83.5,74.89,200
Linear SVM,all,card_payment_wrong_exchange_rate,62.24,91.5,74.09,200
Linear SVM,all,card_swallowed,95.83,92.0,93.88,200
Linear SVM,all,cash_withdrawal_charge,82.94,87.5,85.16,200
Linear SVM,all,cash_withdrawal_not_recognised,81.6,86.5,83.98,200
Linear SVM,all,change_pin,91.33,79.0,84.72,200
Linear SVM,all,compromised_card,86.34,69.5,77.01,200
Linear SVM,all,contactless_not_working,98.94,93.0,95.88,200
Linear SVM,all,country_support,89.55,90.0,89.78,200
Linear SVM,all,declined_card_payment,83.77,80.0,81.84,200
Linear SVM,all,declined_cash_withdrawal,82.81,79.5,81.12,200
Linear SVM,all,declined_transfer,92.22,77.0,83.92,200
Linear SVM,all,direct_debit_payment_not_recognised,76.41,74.5,75.44,200
Linear SVM,all,disposable_card_limits,81.15,77.5,79.28,200
Linear SVM,all,edit_personal_details,90.38,94.0,92.16,200
Linear SVM,all,exchange_charge,92.36,72.5,81.23,200
Linear SVM,all,exchange_rate,74.55,82.0,78.1,200
Linear SVM,all,exchange_via_app,84.15,69.0,75.82,200
Linear SVM,all,extra_charge_on_statement,89.5,89.5,89.5,200
Linear SVM,all,failed_transfer,72.31,70.5,71.39,200
Linear SVM,all,fiat_currency_support,81.44,79.0,80.2,200
Linear SVM,all,get_disposable_virtual_card,68.97,80.0,74.07,200
Linear SVM,all,get_physical_card,73.18,95.5,82.86,200
Linear SVM,all,getting_spare_card,85.0,76.5,80.53,200
Linear SVM,all,getting_virtual_card,76.23,93.0,83.78,200
Linear SVM,all,lost_or_stolen_card,78.24,84.5,81.25,200
Linear SVM,all,lost_or_stolen_phone,97.44,95.0,96.2,200
Linear SVM,all,order_physical_card,74.54,80.5,77.4,200
Linear SVM,all,passcode_forgotten,99.01,100.0,99.5,200
Linear SVM,all,pending_card_payment,92.35,78.5,84.86,200
Linear SVM,all,pending_cash_withdrawal,94.27,90.5,92.35,200
Linear SVM,all,pending_top_up,69.01,83.5,75.57,200
Linear SVM,all,pending_transfer,69.95,74.5,72.15,200
Linear SVM,all,pin_blocked,89.22,74.5,81.2,200
Linear SVM,all,receiving_money,78.57,93.5,85.39,200
Linear SVM,all,request_refund,82.23,81.0,81.61,200
Linear SVM,all,reverted_card_payment?,89.3,83.5,86.3,200
Linear SVM,all,supported_cards_and_currencies,73.25,89.0,80.36,200
Linear SVM,all,terminate_account,95.98,95.5,95.74,200
Linear SVM,all,top_up_by_bank_transfer_charge,86.8,85.5,86.15,200
Linear SVM,all,top_up_by_card_charge,92.64,75.5,83.2,200
Linear SVM,all,top_up_by_cash_or_cheque,90.8,79.0,84.49,200
Linear SVM,all,top_up_failed,57.47,75.0,65.08,200
Linear SVM,all,top_up_limits,91.51,97.0,94.17,200
Linear SVM,all,top_up_reverted,77.46,67.0,71.85,200
Linear SVM,all,topping_up_by_card,77.84,75.5,76.65,200
Linear SVM,all,transaction_charged_twice,87.92,91.0,89.43,200
Linear SVM,all,transfer_fee_charged,87.12,71.0,78.24,200
Linear SVM,all,transfer_into_account,84.91,67.5,75.21,200
Linear SVM,all,transfer_not_received_by_recipient,72.54,70.0,71.25,200
Linear SVM,all,transfer_timing,87.79,75.5,81.18,200
Linear SVM,all,unable_to_verify_identity,87.43,76.5,81.6,200
Linear SVM,all,verify_my_identity,64.86,84.0,73.2,200
Linear SVM,all,verify_source_of_funds,86.89,89.5,88.18,200
Linear SVM,all,verify_top_up,97.93,94.5,96.18,200
Linear SVM,all,virtual_card_not_working,100.0,51.0,67.55,200
Linear SVM,all,visa_or_mastercard,92.89,91.5,92.19,200
Linear SVM,all,why_verify_identity,82.54,78.0,80.21,200
Linear SVM,all,wrong_amount_of_cash_received,70.27,91.0,79.3,200
Linear SVM,all,wrong_exchange_rate_for_cash_withdrawal,88.96,68.5,77.4,200
